SDS;;;SDS;adjunto;nombre;precio;† † { nombre: 'SOPORTE DE CELULAR', precio: 15, categoria: 'ACCESORIOS', imagen: '../OLIVO STORE - MATERIAL/ACCESORIOS/SOPORTE DE CELULAR/Soporte de celular azul.png' },
/OLIVO STORE - MATERIAL/ACCESORIOS/AIRPOD CASE MIX/Airpod Case Mix Amarillo.png;ACCESORIOS;AIRPOD CASE MIX;Airpod Case Mix Amarillo.png;AIRPOD CASE MIX AMARILLO.PNG;AIRPOD CASE MIX AMARILLO;34;{nombre: 'AIRPOD CASE MIX AMARILLO', precio:34, categoria: 'ACCESORIOS', imagen: '../OLIVO STORE - MATERIAL/ACCESORIOS/AIRPOD CASE MIX/Airpod Case Mix Amarillo.png'},
/OLIVO STORE - MATERIAL/ACCESORIOS/AIRPOD CASE MIX/Airpod Case Mix Azul.png;ACCESORIOS;AIRPOD CASE MIX;Airpod Case Mix Azul.png;AIRPOD CASE MIX AZUL.PNG;AIRPOD CASE MIX AZUL;26;{nombre: 'AIRPOD CASE MIX AZUL', precio:26, categoria: 'ACCESORIOS', imagen: '../OLIVO STORE - MATERIAL/ACCESORIOS/AIRPOD CASE MIX/Airpod Case Mix Azul.png'},
/OLIVO STORE - MATERIAL/ACCESORIOS/AIRPOD CASE MIX/Airpod Case Mix Colores.png;ACCESORIOS;AIRPOD CASE MIX;Airpod Case Mix Colores.png;AIRPOD CASE MIX COLORES.PNG;AIRPOD CASE MIX COLORES;20;{nombre: 'AIRPOD CASE MIX COLORES', precio:20, categoria: 'ACCESORIOS', imagen: '../OLIVO STORE - MATERIAL/ACCESORIOS/AIRPOD CASE MIX/Airpod Case Mix Colores.png'},
/OLIVO STORE - MATERIAL/ACCESORIOS/AIRPOD CASE MIX/Airpod Case Mix Gris.png;ACCESORIOS;AIRPOD CASE MIX;Airpod Case Mix Gris.png;AIRPOD CASE MIX GRIS.PNG;AIRPOD CASE MIX GRIS;20;{nombre: 'AIRPOD CASE MIX GRIS', precio:20, categoria: 'ACCESORIOS', imagen: '../OLIVO STORE - MATERIAL/ACCESORIOS/AIRPOD CASE MIX/Airpod Case Mix Gris.png'},
/OLIVO STORE - MATERIAL/ACCESORIOS/AIRPOD CASE MIX/Airpod Case Mix Negro.png;ACCESORIOS;AIRPOD CASE MIX;Airpod Case Mix Negro.png;AIRPOD CASE MIX NEGRO.PNG;AIRPOD CASE MIX NEGRO;13;{nombre: 'AIRPOD CASE MIX NEGRO', precio:13, categoria: 'ACCESORIOS', imagen: '../OLIVO STORE - MATERIAL/ACCESORIOS/AIRPOD CASE MIX/Airpod Case Mix Negro.png'},
/OLIVO STORE - MATERIAL/ACCESORIOS/AIRPOD CASE MIX/Airpod Case Mix Rojo.png;ACCESORIOS;AIRPOD CASE MIX;Airpod Case Mix Rojo.png;AIRPOD CASE MIX ROJO.PNG;AIRPOD CASE MIX ROJO;31;{nombre: 'AIRPOD CASE MIX ROJO', precio:31, categoria: 'ACCESORIOS', imagen: '../OLIVO STORE - MATERIAL/ACCESORIOS/AIRPOD CASE MIX/Airpod Case Mix Rojo.png'},
/OLIVO STORE - MATERIAL/ACCESORIOS/AIRPOD CASE MIX/Airpod Case Mix Verde.png;ACCESORIOS;AIRPOD CASE MIX;Airpod Case Mix Verde.png;AIRPOD CASE MIX VERDE.PNG;AIRPOD CASE MIX VERDE;36;{nombre: 'AIRPOD CASE MIX VERDE', precio:36, categoria: 'ACCESORIOS', imagen: '../OLIVO STORE - MATERIAL/ACCESORIOS/AIRPOD CASE MIX/Airpod Case Mix Verde.png'},
/OLIVO STORE - MATERIAL/ACCESORIOS/AIRPOD CASE PINGUINO/Airpod Case Pinguino ejemplo 1.png;ACCESORIOS;AIRPOD CASE PINGUINO;Airpod Case Pinguino ejemplo 1.png;AIRPOD CASE PINGUINO EJEMPLO 1.PNG;AIRPOD CASE PINGUINO EJEMPLO 1;29;{nombre: 'AIRPOD CASE PINGUINO EJEMPLO 1', precio:29, categoria: 'ACCESORIOS', imagen: '../OLIVO STORE - MATERIAL/ACCESORIOS/AIRPOD CASE PINGUINO/Airpod Case Pinguino ejemplo 1.png'},
/OLIVO STORE - MATERIAL/ACCESORIOS/AIRPOD CASE PINGUINO/Airpod Case Pinguino ejemplo 2.png;ACCESORIOS;AIRPOD CASE PINGUINO;Airpod Case Pinguino ejemplo 2.png;AIRPOD CASE PINGUINO EJEMPLO 2.PNG;AIRPOD CASE PINGUINO EJEMPLO 2;39;{nombre: 'AIRPOD CASE PINGUINO EJEMPLO 2', precio:39, categoria: 'ACCESORIOS', imagen: '../OLIVO STORE - MATERIAL/ACCESORIOS/AIRPOD CASE PINGUINO/Airpod Case Pinguino ejemplo 2.png'},
/OLIVO STORE - MATERIAL/ACCESORIOS/AIRPOD CASE PINGUINO/Airpod Case Pinguino ejemplo 3_.png;ACCESORIOS;AIRPOD CASE PINGUINO;Airpod Case Pinguino ejemplo 3_.png;AIRPOD CASE PINGUINO EJEMPLO 3_.PNG;AIRPOD CASE PINGUINO EJEMPLO 3_;11;{nombre: 'AIRPOD CASE PINGUINO EJEMPLO 3_', precio:11, categoria: 'ACCESORIOS', imagen: '../OLIVO STORE - MATERIAL/ACCESORIOS/AIRPOD CASE PINGUINO/Airpod Case Pinguino ejemplo 3_.png'},
/OLIVO STORE - MATERIAL/ACCESORIOS/AIRPOD CASE PINGUINO/Airpod Case Pinguino ejemplo 4.png;ACCESORIOS;AIRPOD CASE PINGUINO;Airpod Case Pinguino ejemplo 4.png;AIRPOD CASE PINGUINO EJEMPLO 4.PNG;AIRPOD CASE PINGUINO EJEMPLO 4;39;{nombre: 'AIRPOD CASE PINGUINO EJEMPLO 4', precio:39, categoria: 'ACCESORIOS', imagen: '../OLIVO STORE - MATERIAL/ACCESORIOS/AIRPOD CASE PINGUINO/Airpod Case Pinguino ejemplo 4.png'},
/OLIVO STORE - MATERIAL/ACCESORIOS/AIRPOD CASE PINGUINO/Airpod Case Pinguino ejemplo 5.png;ACCESORIOS;AIRPOD CASE PINGUINO;Airpod Case Pinguino ejemplo 5.png;AIRPOD CASE PINGUINO EJEMPLO 5.PNG;AIRPOD CASE PINGUINO EJEMPLO 5;23;{nombre: 'AIRPOD CASE PINGUINO EJEMPLO 5', precio:23, categoria: 'ACCESORIOS', imagen: '../OLIVO STORE - MATERIAL/ACCESORIOS/AIRPOD CASE PINGUINO/Airpod Case Pinguino ejemplo 5.png'},
/OLIVO STORE - MATERIAL/ACCESORIOS/AIRPOD CASE PINGUINO/Airpod Case Pinguino ejemplo 6.png;ACCESORIOS;AIRPOD CASE PINGUINO;Airpod Case Pinguino ejemplo 6.png;AIRPOD CASE PINGUINO EJEMPLO 6.PNG;AIRPOD CASE PINGUINO EJEMPLO 6;15;{nombre: 'AIRPOD CASE PINGUINO EJEMPLO 6', precio:15, categoria: 'ACCESORIOS', imagen: '../OLIVO STORE - MATERIAL/ACCESORIOS/AIRPOD CASE PINGUINO/Airpod Case Pinguino ejemplo 6.png'},
/OLIVO STORE - MATERIAL/ACCESORIOS/AIRPOD CASE PINGUINO/Airpod Case Pinguino_.png;ACCESORIOS;AIRPOD CASE PINGUINO;Airpod Case Pinguino_.png;AIRPOD CASE PINGUINO_.PNG;AIRPOD CASE PINGUINO_;19;{nombre: 'AIRPOD CASE PINGUINO_', precio:19, categoria: 'ACCESORIOS', imagen: '../OLIVO STORE - MATERIAL/ACCESORIOS/AIRPOD CASE PINGUINO/Airpod Case Pinguino_.png'},
/OLIVO STORE - MATERIAL/ACCESORIOS/AIRPOD CASE TRANSPARENTE/Airpod Case Transparente ejemplo 1.png;ACCESORIOS;AIRPOD CASE TRANSPARENTE;Airpod Case Transparente ejemplo 1.png;AIRPOD CASE TRANSPARENTE EJEMPLO 1.PNG;AIRPOD CASE TRANSPARENTE EJEMPLO 1;38;{nombre: 'AIRPOD CASE TRANSPARENTE EJEMPLO 1', precio:38, categoria: 'ACCESORIOS', imagen: '../OLIVO STORE - MATERIAL/ACCESORIOS/AIRPOD CASE TRANSPARENTE/Airpod Case Transparente ejemplo 1.png'},
/OLIVO STORE - MATERIAL/ACCESORIOS/AIRPOD CASE TRANSPARENTE/Airpod Case Transparente ejemplo 2.png;ACCESORIOS;AIRPOD CASE TRANSPARENTE;Airpod Case Transparente ejemplo 2.png;AIRPOD CASE TRANSPARENTE EJEMPLO 2.PNG;AIRPOD CASE TRANSPARENTE EJEMPLO 2;20;{nombre: 'AIRPOD CASE TRANSPARENTE EJEMPLO 2', precio:20, categoria: 'ACCESORIOS', imagen: '../OLIVO STORE - MATERIAL/ACCESORIOS/AIRPOD CASE TRANSPARENTE/Airpod Case Transparente ejemplo 2.png'},
/OLIVO STORE - MATERIAL/ACCESORIOS/AIRPOD CASE TRANSPARENTE/Airpod Case Transparente ejemplo 3.png;ACCESORIOS;AIRPOD CASE TRANSPARENTE;Airpod Case Transparente ejemplo 3.png;AIRPOD CASE TRANSPARENTE EJEMPLO 3.PNG;AIRPOD CASE TRANSPARENTE EJEMPLO 3;8;{nombre: 'AIRPOD CASE TRANSPARENTE EJEMPLO 3', precio:8, categoria: 'ACCESORIOS', imagen: '../OLIVO STORE - MATERIAL/ACCESORIOS/AIRPOD CASE TRANSPARENTE/Airpod Case Transparente ejemplo 3.png'},
/OLIVO STORE - MATERIAL/ACCESORIOS/AIRPOD CASE TRANSPARENTE/Airpod Case Transparente ejemplo 4.png;ACCESORIOS;AIRPOD CASE TRANSPARENTE;Airpod Case Transparente ejemplo 4.png;AIRPOD CASE TRANSPARENTE EJEMPLO 4.PNG;AIRPOD CASE TRANSPARENTE EJEMPLO 4;23;{nombre: 'AIRPOD CASE TRANSPARENTE EJEMPLO 4', precio:23, categoria: 'ACCESORIOS', imagen: '../OLIVO STORE - MATERIAL/ACCESORIOS/AIRPOD CASE TRANSPARENTE/Airpod Case Transparente ejemplo 4.png'},
/OLIVO STORE - MATERIAL/ACCESORIOS/AIRPOD CASE TRANSPARENTE/Airpod Case Transparente.png;ACCESORIOS;AIRPOD CASE TRANSPARENTE;Airpod Case Transparente.png;AIRPOD CASE TRANSPARENTE.PNG;AIRPOD CASE TRANSPARENTE;9;{nombre: 'AIRPOD CASE TRANSPARENTE', precio:9, categoria: 'ACCESORIOS', imagen: '../OLIVO STORE - MATERIAL/ACCESORIOS/AIRPOD CASE TRANSPARENTE/Airpod Case Transparente.png'},
/OLIVO STORE - MATERIAL/ACCESORIOS/CABLE LIGHTNING 1M/Cable 1m ejemplo 1.png;ACCESORIOS;CABLE LIGHTNING 1M;Cable 1m ejemplo 1.png;CABLE 1M EJEMPLO 1.PNG;CABLE 1M EJEMPLO 1;19;{nombre: 'CABLE 1M EJEMPLO 1', precio:19, categoria: 'ACCESORIOS', imagen: '../OLIVO STORE - MATERIAL/ACCESORIOS/CABLE LIGHTNING 1M/Cable 1m ejemplo 1.png'},
/OLIVO STORE - MATERIAL/ACCESORIOS/CABLE LIGHTNING 1M/Cable 1m entrada.png;ACCESORIOS;CABLE LIGHTNING 1M;Cable 1m entrada.png;CABLE 1M ENTRADA.PNG;CABLE 1M ENTRADA;30;{nombre: 'CABLE 1M ENTRADA', precio:30, categoria: 'ACCESORIOS', imagen: '../OLIVO STORE - MATERIAL/ACCESORIOS/CABLE LIGHTNING 1M/Cable 1m entrada.png'},
/OLIVO STORE - MATERIAL/ACCESORIOS/CABLE LIGHTNING 1M/Cable 1m.png;ACCESORIOS;CABLE LIGHTNING 1M;Cable 1m.png;CABLE 1M.PNG;CABLE 1M;32;{nombre: 'CABLE 1M', precio:32, categoria: 'ACCESORIOS', imagen: '../OLIVO STORE - MATERIAL/ACCESORIOS/CABLE LIGHTNING 1M/Cable 1m.png'},
/OLIVO STORE - MATERIAL/ACCESORIOS/CABLE LIGHTNING 2M/Cable 2m cable.png;ACCESORIOS;CABLE LIGHTNING 2M;Cable 2m cable.png;CABLE 2M CABLE.PNG;CABLE 2M CABLE;14;{nombre: 'CABLE 2M CABLE', precio:14, categoria: 'ACCESORIOS', imagen: '../OLIVO STORE - MATERIAL/ACCESORIOS/CABLE LIGHTNING 2M/Cable 2m cable.png'},
/OLIVO STORE - MATERIAL/ACCESORIOS/CABLE LIGHTNING 2M/Cable 2m ejemplo 1.png;ACCESORIOS;CABLE LIGHTNING 2M;Cable 2m ejemplo 1.png;CABLE 2M EJEMPLO 1.PNG;CABLE 2M EJEMPLO 1;14;{nombre: 'CABLE 2M EJEMPLO 1', precio:14, categoria: 'ACCESORIOS', imagen: '../OLIVO STORE - MATERIAL/ACCESORIOS/CABLE LIGHTNING 2M/Cable 2m ejemplo 1.png'},
/OLIVO STORE - MATERIAL/ACCESORIOS/CABLE LIGHTNING 2M/Cable 2m entrada.png;ACCESORIOS;CABLE LIGHTNING 2M;Cable 2m entrada.png;CABLE 2M ENTRADA.PNG;CABLE 2M ENTRADA;21;{nombre: 'CABLE 2M ENTRADA', precio:21, categoria: 'ACCESORIOS', imagen: '../OLIVO STORE - MATERIAL/ACCESORIOS/CABLE LIGHTNING 2M/Cable 2m entrada.png'},
/OLIVO STORE - MATERIAL/ACCESORIOS/CABLE LIGHTNING 2M/Cable 2m.png;ACCESORIOS;CABLE LIGHTNING 2M;Cable 2m.png;CABLE 2M.PNG;CABLE 2M;37;{nombre: 'CABLE 2M', precio:37, categoria: 'ACCESORIOS', imagen: '../OLIVO STORE - MATERIAL/ACCESORIOS/CABLE LIGHTNING 2M/Cable 2m.png'},
/OLIVO STORE - MATERIAL/ACCESORIOS/CASE COBERTOR/Case Tarjetero ejemplo 1.jpg;ACCESORIOS;CASE COBERTOR;Case Tarjetero ejemplo 1.jpg;CASE TARJETERO EJEMPLO 1.JPG;CASE TARJETERO EJEMPLO 1;25;{nombre: 'CASE TARJETERO EJEMPLO 1', precio:25, categoria: 'ACCESORIOS', imagen: '../OLIVO STORE - MATERIAL/ACCESORIOS/CASE COBERTOR/Case Tarjetero ejemplo 1.jpg'},
/OLIVO STORE - MATERIAL/ACCESORIOS/CASE COBERTOR/Case Tarjetero ejemplo 2.png;ACCESORIOS;CASE COBERTOR;Case Tarjetero ejemplo 2.png;CASE TARJETERO EJEMPLO 2.PNG;CASE TARJETERO EJEMPLO 2;25;{nombre: 'CASE TARJETERO EJEMPLO 2', precio:25, categoria: 'ACCESORIOS', imagen: '../OLIVO STORE - MATERIAL/ACCESORIOS/CASE COBERTOR/Case Tarjetero ejemplo 2.png'},
/OLIVO STORE - MATERIAL/ACCESORIOS/CASE COBERTOR/Case Tarjetero interior.jpg;ACCESORIOS;CASE COBERTOR;Case Tarjetero interior.jpg;CASE TARJETERO INTERIOR.JPG;CASE TARJETERO INTERIOR;27;{nombre: 'CASE TARJETERO INTERIOR', precio:27, categoria: 'ACCESORIOS', imagen: '../OLIVO STORE - MATERIAL/ACCESORIOS/CASE COBERTOR/Case Tarjetero interior.jpg'},
/OLIVO STORE - MATERIAL/ACCESORIOS/CASE COBERTOR/Case Tarjetero Lila.jpg;ACCESORIOS;CASE COBERTOR;Case Tarjetero Lila.jpg;CASE TARJETERO LILA.JPG;CASE TARJETERO LILA;14;{nombre: 'CASE TARJETERO LILA', precio:14, categoria: 'ACCESORIOS', imagen: '../OLIVO STORE - MATERIAL/ACCESORIOS/CASE COBERTOR/Case Tarjetero Lila.jpg'},
/OLIVO STORE - MATERIAL/ACCESORIOS/CASE TARJETERO/Case Tarjetero 1.webp;ACCESORIOS;CASE TARJETERO;Case Tarjetero 1.webp;CASE TARJETERO 1.WEBP;CASE TARJETERO 1;12;{nombre: 'CASE TARJETERO 1', precio:12, categoria: 'ACCESORIOS', imagen: '../OLIVO STORE - MATERIAL/ACCESORIOS/CASE TARJETERO/Case Tarjetero 1.webp'},
/OLIVO STORE - MATERIAL/ACCESORIOS/CASE TARJETERO/Case Tarjetero 2.webp;ACCESORIOS;CASE TARJETERO;Case Tarjetero 2.webp;CASE TARJETERO 2.WEBP;CASE TARJETERO 2;15;{nombre: 'CASE TARJETERO 2', precio:15, categoria: 'ACCESORIOS', imagen: '../OLIVO STORE - MATERIAL/ACCESORIOS/CASE TARJETERO/Case Tarjetero 2.webp'},
/OLIVO STORE - MATERIAL/ACCESORIOS/CASE TARJETERO/Case Tarjetero 3.webp;ACCESORIOS;CASE TARJETERO;Case Tarjetero 3.webp;CASE TARJETERO 3.WEBP;CASE TARJETERO 3;28;{nombre: 'CASE TARJETERO 3', precio:28, categoria: 'ACCESORIOS', imagen: '../OLIVO STORE - MATERIAL/ACCESORIOS/CASE TARJETERO/Case Tarjetero 3.webp'},
/OLIVO STORE - MATERIAL/ACCESORIOS/IPAD CASE/Ipad Case Azul.png;ACCESORIOS;IPAD CASE;Ipad Case Azul.png;IPAD CASE AZUL.PNG;IPAD CASE AZUL;19;{nombre: 'IPAD CASE AZUL', precio:19, categoria: 'ACCESORIOS', imagen: '../OLIVO STORE - MATERIAL/ACCESORIOS/IPAD CASE/Ipad Case Azul.png'},
/OLIVO STORE - MATERIAL/ACCESORIOS/IPAD CASE/Ipad Case Colores.png;ACCESORIOS;IPAD CASE;Ipad Case Colores.png;IPAD CASE COLORES.PNG;IPAD CASE COLORES;9;{nombre: 'IPAD CASE COLORES', precio:9, categoria: 'ACCESORIOS', imagen: '../OLIVO STORE - MATERIAL/ACCESORIOS/IPAD CASE/Ipad Case Colores.png'},
/OLIVO STORE - MATERIAL/ACCESORIOS/IPAD CASE/Ipad Case Rosa.png;ACCESORIOS;IPAD CASE;Ipad Case Rosa.png;IPAD CASE ROSA.PNG;IPAD CASE ROSA;35;{nombre: 'IPAD CASE ROSA', precio:35, categoria: 'ACCESORIOS', imagen: '../OLIVO STORE - MATERIAL/ACCESORIOS/IPAD CASE/Ipad Case Rosa.png'},
/OLIVO STORE - MATERIAL/ACCESORIOS/IPAD CASE/Ipad Case Verde.png;ACCESORIOS;IPAD CASE;Ipad Case Verde.png;IPAD CASE VERDE.PNG;IPAD CASE VERDE;28;{nombre: 'IPAD CASE VERDE', precio:28, categoria: 'ACCESORIOS', imagen: '../OLIVO STORE - MATERIAL/ACCESORIOS/IPAD CASE/Ipad Case Verde.png'},
/OLIVO STORE - MATERIAL/ACCESORIOS/PASTILLERO VIAJERO/1.- FOTO PASTILLERO VIAJERO - AC027.png;ACCESORIOS;PASTILLERO VIAJERO;1.- FOTO PASTILLERO VIAJERO - AC027.png;1.- FOTO PASTILLERO VIAJERO - AC027.PNG;FOTO PASTILLERO VIAJERO - AC027;39;{nombre: 'FOTO PASTILLERO VIAJERO - AC027', precio:39, categoria: 'ACCESORIOS', imagen: '../OLIVO STORE - MATERIAL/ACCESORIOS/PASTILLERO VIAJERO/1.- FOTO PASTILLERO VIAJERO - AC027.png'},
/OLIVO STORE - MATERIAL/ACCESORIOS/PASTILLERO VIAJERO/2.- FOTO PASTILLERO VIAJERO - AC027.png;ACCESORIOS;PASTILLERO VIAJERO;2.- FOTO PASTILLERO VIAJERO - AC027.png;2.- FOTO PASTILLERO VIAJERO - AC027.PNG;FOTO PASTILLERO VIAJERO - AC027;9;{nombre: 'FOTO PASTILLERO VIAJERO - AC027', precio:9, categoria: 'ACCESORIOS', imagen: '../OLIVO STORE - MATERIAL/ACCESORIOS/PASTILLERO VIAJERO/2.- FOTO PASTILLERO VIAJERO - AC027.png'},
/OLIVO STORE - MATERIAL/ACCESORIOS/PASTILLERO VIAJERO/3.- FOTO PASTILLERO VIAJERO - AC027.png;ACCESORIOS;PASTILLERO VIAJERO;3.- FOTO PASTILLERO VIAJERO - AC027.png;3.- FOTO PASTILLERO VIAJERO - AC027.PNG;FOTO PASTILLERO VIAJERO - AC027;26;{nombre: 'FOTO PASTILLERO VIAJERO - AC027', precio:26, categoria: 'ACCESORIOS', imagen: '../OLIVO STORE - MATERIAL/ACCESORIOS/PASTILLERO VIAJERO/3.- FOTO PASTILLERO VIAJERO - AC027.png'},
/OLIVO STORE - MATERIAL/ACCESORIOS/PORTA CEL IMPERMEABLE/Porta cel impermeable 1.webp;ACCESORIOS;PORTA CEL IMPERMEABLE;Porta cel impermeable 1.webp;PORTA CEL IMPERMEABLE 1.WEBP;PORTA CEL IMPERMEABLE 1;25;{nombre: 'PORTA CEL IMPERMEABLE 1', precio:25, categoria: 'ACCESORIOS', imagen: '../OLIVO STORE - MATERIAL/ACCESORIOS/PORTA CEL IMPERMEABLE/Porta cel impermeable 1.webp'},
/OLIVO STORE - MATERIAL/ACCESORIOS/PORTA CEL IMPERMEABLE/Porta cel impermeable ejemplo 1.webp;ACCESORIOS;PORTA CEL IMPERMEABLE;Porta cel impermeable ejemplo 1.webp;PORTA CEL IMPERMEABLE EJEMPLO 1.WEBP;PORTA CEL IMPERMEABLE EJEMPLO 1;17;{nombre: 'PORTA CEL IMPERMEABLE EJEMPLO 1', precio:17, categoria: 'ACCESORIOS', imagen: '../OLIVO STORE - MATERIAL/ACCESORIOS/PORTA CEL IMPERMEABLE/Porta cel impermeable ejemplo 1.webp'},
/OLIVO STORE - MATERIAL/ACCESORIOS/PORTA CEL IMPERMEABLE/Porta cel impermeable ejemplo 2.webp;ACCESORIOS;PORTA CEL IMPERMEABLE;Porta cel impermeable ejemplo 2.webp;PORTA CEL IMPERMEABLE EJEMPLO 2.WEBP;PORTA CEL IMPERMEABLE EJEMPLO 2;40;{nombre: 'PORTA CEL IMPERMEABLE EJEMPLO 2', precio:40, categoria: 'ACCESORIOS', imagen: '../OLIVO STORE - MATERIAL/ACCESORIOS/PORTA CEL IMPERMEABLE/Porta cel impermeable ejemplo 2.webp'},
/OLIVO STORE - MATERIAL/ACCESORIOS/PROTECTOR ANIMAL/Protector animal ejemplo 1.jpg;ACCESORIOS;PROTECTOR ANIMAL;Protector animal ejemplo 1.jpg;PROTECTOR ANIMAL EJEMPLO 1.JPG;PROTECTOR ANIMAL EJEMPLO 1;27;{nombre: 'PROTECTOR ANIMAL EJEMPLO 1', precio:27, categoria: 'ACCESORIOS', imagen: '../OLIVO STORE - MATERIAL/ACCESORIOS/PROTECTOR ANIMAL/Protector animal ejemplo 1.jpg'},
/OLIVO STORE - MATERIAL/ACCESORIOS/PROTECTOR ANIMAL/Protector animal ejemplo 2.png;ACCESORIOS;PROTECTOR ANIMAL;Protector animal ejemplo 2.png;PROTECTOR ANIMAL EJEMPLO 2.PNG;PROTECTOR ANIMAL EJEMPLO 2;24;{nombre: 'PROTECTOR ANIMAL EJEMPLO 2', precio:24, categoria: 'ACCESORIOS', imagen: '../OLIVO STORE - MATERIAL/ACCESORIOS/PROTECTOR ANIMAL/Protector animal ejemplo 2.png'},
/OLIVO STORE - MATERIAL/ACCESORIOS/PROTECTOR ANIMAL/Protector animal tiburon.jpg;ACCESORIOS;PROTECTOR ANIMAL;Protector animal tiburon.jpg;PROTECTOR ANIMAL TIBURON.JPG;PROTECTOR ANIMAL TIBURON;40;{nombre: 'PROTECTOR ANIMAL TIBURON', precio:40, categoria: 'ACCESORIOS', imagen: '../OLIVO STORE - MATERIAL/ACCESORIOS/PROTECTOR ANIMAL/Protector animal tiburon.jpg'},
/OLIVO STORE - MATERIAL/ACCESORIOS/PROTECTOR ANIMAL/Protector animal variado.jpg;ACCESORIOS;PROTECTOR ANIMAL;Protector animal variado.jpg;PROTECTOR ANIMAL VARIADO.JPG;PROTECTOR ANIMAL VARIADO;28;{nombre: 'PROTECTOR ANIMAL VARIADO', precio:28, categoria: 'ACCESORIOS', imagen: '../OLIVO STORE - MATERIAL/ACCESORIOS/PROTECTOR ANIMAL/Protector animal variado.jpg'},
/OLIVO STORE - MATERIAL/ACCESORIOS/PROTECTOR DE CARGADOR/1.- FOTO PROTECTOR DE CARGADOR - AC026.png;ACCESORIOS;PROTECTOR DE CARGADOR;1.- FOTO PROTECTOR DE CARGADOR - AC026.png;1.- FOTO PROTECTOR DE CARGADOR - AC026.PNG;FOTO PROTECTOR DE CARGADOR - AC026;39;{nombre: 'FOTO PROTECTOR DE CARGADOR - AC026', precio:39, categoria: 'ACCESORIOS', imagen: '../OLIVO STORE - MATERIAL/ACCESORIOS/PROTECTOR DE CARGADOR/1.- FOTO PROTECTOR DE CARGADOR - AC026.png'},
/OLIVO STORE - MATERIAL/ACCESORIOS/PROTECTOR DE CARGADOR/2.- FOTO PROTECTOR DE CARGADOR - AC026.png;ACCESORIOS;PROTECTOR DE CARGADOR;2.- FOTO PROTECTOR DE CARGADOR - AC026.png;2.- FOTO PROTECTOR DE CARGADOR - AC026.PNG;FOTO PROTECTOR DE CARGADOR - AC026;35;{nombre: 'FOTO PROTECTOR DE CARGADOR - AC026', precio:35, categoria: 'ACCESORIOS', imagen: '../OLIVO STORE - MATERIAL/ACCESORIOS/PROTECTOR DE CARGADOR/2.- FOTO PROTECTOR DE CARGADOR - AC026.png'},
/OLIVO STORE - MATERIAL/ACCESORIOS/PROTECTOR DE CARGADOR/3.- FOTO PROTECTOR DE CARGADOR - AC026.png;ACCESORIOS;PROTECTOR DE CARGADOR;3.- FOTO PROTECTOR DE CARGADOR - AC026.png;3.- FOTO PROTECTOR DE CARGADOR - AC026.PNG;FOTO PROTECTOR DE CARGADOR - AC026;19;{nombre: 'FOTO PROTECTOR DE CARGADOR - AC026', precio:19, categoria: 'ACCESORIOS', imagen: '../OLIVO STORE - MATERIAL/ACCESORIOS/PROTECTOR DE CARGADOR/3.- FOTO PROTECTOR DE CARGADOR - AC026.png'},
/OLIVO STORE - MATERIAL/ACCESORIOS/SOPORTE DE CELULAR/Soporte de celular azul.png;ACCESORIOS;SOPORTE DE CELULAR;Soporte de celular azul.png;SOPORTE DE CELULAR AZUL.PNG;SOPORTE DE CELULAR AZUL;21;{nombre: 'SOPORTE DE CELULAR AZUL', precio:21, categoria: 'ACCESORIOS', imagen: '../OLIVO STORE - MATERIAL/ACCESORIOS/SOPORTE DE CELULAR/Soporte de celular azul.png'},
/OLIVO STORE - MATERIAL/ACCESORIOS/SOPORTE DE CELULAR/Soporte de celular ejemplo 1.png;ACCESORIOS;SOPORTE DE CELULAR;Soporte de celular ejemplo 1.png;SOPORTE DE CELULAR EJEMPLO 1.PNG;SOPORTE DE CELULAR EJEMPLO 1;15;{nombre: 'SOPORTE DE CELULAR EJEMPLO 1', precio:15, categoria: 'ACCESORIOS', imagen: '../OLIVO STORE - MATERIAL/ACCESORIOS/SOPORTE DE CELULAR/Soporte de celular ejemplo 1.png'},
/OLIVO STORE - MATERIAL/ACCESORIOS/SOPORTE DE CELULAR/Soporte de celular ejemplo 2.jpg;ACCESORIOS;SOPORTE DE CELULAR;Soporte de celular ejemplo 2.jpg;SOPORTE DE CELULAR EJEMPLO 2.JPG;SOPORTE DE CELULAR EJEMPLO 2;40;{nombre: 'SOPORTE DE CELULAR EJEMPLO 2', precio:40, categoria: 'ACCESORIOS', imagen: '../OLIVO STORE - MATERIAL/ACCESORIOS/SOPORTE DE CELULAR/Soporte de celular ejemplo 2.jpg'},
/OLIVO STORE - MATERIAL/ACCESORIOS/SOPORTE DE CELULAR MAGNETICO/Soporte de celular magnetico 1.png;ACCESORIOS;SOPORTE DE CELULAR MAGNETICO;Soporte de celular magnetico 1.png;SOPORTE DE CELULAR MAGNETICO 1.PNG;SOPORTE DE CELULAR MAGNETICO 1;34;{nombre: 'SOPORTE DE CELULAR MAGNETICO 1', precio:34, categoria: 'ACCESORIOS', imagen: '../OLIVO STORE - MATERIAL/ACCESORIOS/SOPORTE DE CELULAR MAGNETICO/Soporte de celular magnetico 1.png'},
/OLIVO STORE - MATERIAL/ACCESORIOS/SOPORTE DE CELULAR MAGNETICO/Soporte de celular magnetico 2.png;ACCESORIOS;SOPORTE DE CELULAR MAGNETICO;Soporte de celular magnetico 2.png;SOPORTE DE CELULAR MAGNETICO 2.PNG;SOPORTE DE CELULAR MAGNETICO 2;13;{nombre: 'SOPORTE DE CELULAR MAGNETICO 2', precio:13, categoria: 'ACCESORIOS', imagen: '../OLIVO STORE - MATERIAL/ACCESORIOS/SOPORTE DE CELULAR MAGNETICO/Soporte de celular magnetico 2.png'},
/OLIVO STORE - MATERIAL/ACCESORIOS/SOPORTE DE CELULAR MAGNETICO/Soporte de celular magnetico ejemplo 1.png;ACCESORIOS;SOPORTE DE CELULAR MAGNETICO;Soporte de celular magnetico ejemplo 1.png;SOPORTE DE CELULAR MAGNETICO EJEMPLO 1.PNG;SOPORTE DE CELULAR MAGNETICO EJEMPLO 1;30;{nombre: 'SOPORTE DE CELULAR MAGNETICO EJEMPLO 1', precio:30, categoria: 'ACCESORIOS', imagen: '../OLIVO STORE - MATERIAL/ACCESORIOS/SOPORTE DE CELULAR MAGNETICO/Soporte de celular magnetico ejemplo 1.png'},
/OLIVO STORE - MATERIAL/ACCESORIOS/SOPORTE DE CELULAR MAGNETICO/Soporte de celular magnetico ejemplo 2.png;ACCESORIOS;SOPORTE DE CELULAR MAGNETICO;Soporte de celular magnetico ejemplo 2.png;SOPORTE DE CELULAR MAGNETICO EJEMPLO 2.PNG;SOPORTE DE CELULAR MAGNETICO EJEMPLO 2;34;{nombre: 'SOPORTE DE CELULAR MAGNETICO EJEMPLO 2', precio:34, categoria: 'ACCESORIOS', imagen: '../OLIVO STORE - MATERIAL/ACCESORIOS/SOPORTE DE CELULAR MAGNETICO/Soporte de celular magnetico ejemplo 2.png'},
/OLIVO STORE - MATERIAL/CUIDADO PERSONAL/AFEITADORA PORTATIL;;;;;;;{nombre: '', precio:, categoria: '', imagen: '..//OLIVO STORE - MATERIAL/CUIDADO PERSONAL/AFEITADORA PORTATIL'},
/OLIVO STORE - MATERIAL/CUIDADO PERSONAL/ESPEJO LED PLEGABLE;;;;;;;{nombre: '', precio:, categoria: '', imagen: '..//OLIVO STORE - MATERIAL/CUIDADO PERSONAL/ESPEJO LED PLEGABLE'},
/OLIVO STORE - MATERIAL/CUIDADO PERSONAL/LAMPARA LED DE U•AS;;;;;;;{nombre: '', precio:, categoria: '', imagen: '..//OLIVO STORE - MATERIAL/CUIDADO PERSONAL/LAMPARA LED DE U•AS'},
/OLIVO STORE - MATERIAL/CUIDADO PERSONAL/SECADOR DE PELO 3 EN 1;;;;;;;{nombre: '', precio:, categoria: '', imagen: '..//OLIVO STORE - MATERIAL/CUIDADO PERSONAL/SECADOR DE PELO 3 EN 1'},
/OLIVO STORE - MATERIAL/CUIDADO PERSONAL/AFEITADORA PORTATIL/1.- FOTO AFEITADORA PORTATIL - CP001.png;CUIDADO PERSONAL;AFEITADORA PORTATIL;1.- FOTO AFEITADORA PORTATIL - CP001.png;1.- FOTO AFEITADORA PORTATIL - CP001.PNG;FOTO AFEITADORA PORTATIL - CP001;38;{nombre: 'FOTO AFEITADORA PORTATIL - CP001', precio:38, categoria: 'CUIDADO PERSONAL', imagen: '../OLIVO STORE - MATERIAL/CUIDADO PERSONAL/AFEITADORA PORTATIL/1.- FOTO AFEITADORA PORTATIL - CP001.png'},
/OLIVO STORE - MATERIAL/CUIDADO PERSONAL/AFEITADORA PORTATIL/2.- FOTO AFEITADORA PORTATIL - CP001.png;CUIDADO PERSONAL;AFEITADORA PORTATIL;2.- FOTO AFEITADORA PORTATIL - CP001.png;2.- FOTO AFEITADORA PORTATIL - CP001.PNG;FOTO AFEITADORA PORTATIL - CP001;18;{nombre: 'FOTO AFEITADORA PORTATIL - CP001', precio:18, categoria: 'CUIDADO PERSONAL', imagen: '../OLIVO STORE - MATERIAL/CUIDADO PERSONAL/AFEITADORA PORTATIL/2.- FOTO AFEITADORA PORTATIL - CP001.png'},
/OLIVO STORE - MATERIAL/CUIDADO PERSONAL/AFEITADORA PORTATIL/3.- FOTO AFEITADORA PORTATIL - CP001.png;CUIDADO PERSONAL;AFEITADORA PORTATIL;3.- FOTO AFEITADORA PORTATIL - CP001.png;3.- FOTO AFEITADORA PORTATIL - CP001.PNG;FOTO AFEITADORA PORTATIL - CP001;16;{nombre: 'FOTO AFEITADORA PORTATIL - CP001', precio:16, categoria: 'CUIDADO PERSONAL', imagen: '../OLIVO STORE - MATERIAL/CUIDADO PERSONAL/AFEITADORA PORTATIL/3.- FOTO AFEITADORA PORTATIL - CP001.png'},
/OLIVO STORE - MATERIAL/CUIDADO PERSONAL/ESPEJO LED PLEGABLE/1.- FOTO ESPEJO LED PLEGABLE - CP002.png;CUIDADO PERSONAL;ESPEJO LED PLEGABLE;1.- FOTO ESPEJO LED PLEGABLE - CP002.png;1.- FOTO ESPEJO LED PLEGABLE - CP002.PNG;FOTO ESPEJO LED PLEGABLE - CP002;22;{nombre: 'FOTO ESPEJO LED PLEGABLE - CP002', precio:22, categoria: 'CUIDADO PERSONAL', imagen: '../OLIVO STORE - MATERIAL/CUIDADO PERSONAL/ESPEJO LED PLEGABLE/1.- FOTO ESPEJO LED PLEGABLE - CP002.png'},
/OLIVO STORE - MATERIAL/CUIDADO PERSONAL/ESPEJO LED PLEGABLE/2.- FOTO ESPEJO LED PLEGABLE - CP002.png;CUIDADO PERSONAL;ESPEJO LED PLEGABLE;2.- FOTO ESPEJO LED PLEGABLE - CP002.png;2.- FOTO ESPEJO LED PLEGABLE - CP002.PNG;FOTO ESPEJO LED PLEGABLE - CP002;17;{nombre: 'FOTO ESPEJO LED PLEGABLE - CP002', precio:17, categoria: 'CUIDADO PERSONAL', imagen: '../OLIVO STORE - MATERIAL/CUIDADO PERSONAL/ESPEJO LED PLEGABLE/2.- FOTO ESPEJO LED PLEGABLE - CP002.png'},
/OLIVO STORE - MATERIAL/CUIDADO PERSONAL/ESPEJO LED PLEGABLE/3.- FOTO ESPEJO LED PLEGABLE - CP002.png;CUIDADO PERSONAL;ESPEJO LED PLEGABLE;3.- FOTO ESPEJO LED PLEGABLE - CP002.png;3.- FOTO ESPEJO LED PLEGABLE - CP002.PNG;FOTO ESPEJO LED PLEGABLE - CP002;13;{nombre: 'FOTO ESPEJO LED PLEGABLE - CP002', precio:13, categoria: 'CUIDADO PERSONAL', imagen: '../OLIVO STORE - MATERIAL/CUIDADO PERSONAL/ESPEJO LED PLEGABLE/3.- FOTO ESPEJO LED PLEGABLE - CP002.png'},
/OLIVO STORE - MATERIAL/CUIDADO PERSONAL/LAMPARA LED DE U•AS/1.- FOTO LAMPARA LED DE U•AS - CP003.png;CUIDADO PERSONAL;LAMPARA LED DE U•AS;1.- FOTO LAMPARA LED DE U•AS - CP003.png;1.- FOTO LAMPARA LED DE U•AS - CP003.PNG;FOTO LAMPARA LED DE U•AS - CP003;16;{nombre: 'FOTO LAMPARA LED DE U•AS - CP003', precio:16, categoria: 'CUIDADO PERSONAL', imagen: '../OLIVO STORE - MATERIAL/CUIDADO PERSONAL/LAMPARA LED DE U•AS/1.- FOTO LAMPARA LED DE U•AS - CP003.png'},
/OLIVO STORE - MATERIAL/CUIDADO PERSONAL/LAMPARA LED DE U•AS/2.- FOTO LAMPARA LED DE U•AS - CP003.png;CUIDADO PERSONAL;LAMPARA LED DE U•AS;2.- FOTO LAMPARA LED DE U•AS - CP003.png;2.- FOTO LAMPARA LED DE U•AS - CP003.PNG;FOTO LAMPARA LED DE U•AS - CP003;26;{nombre: 'FOTO LAMPARA LED DE U•AS - CP003', precio:26, categoria: 'CUIDADO PERSONAL', imagen: '../OLIVO STORE - MATERIAL/CUIDADO PERSONAL/LAMPARA LED DE U•AS/2.- FOTO LAMPARA LED DE U•AS - CP003.png'},
/OLIVO STORE - MATERIAL/CUIDADO PERSONAL/SECADOR DE PELO 3 EN 1/1.- FOTO SECADOR DE PELO 3 EN 1 - CP004.png;CUIDADO PERSONAL;SECADOR DE PELO 3 EN 1;1.- FOTO SECADOR DE PELO 3 EN 1 - CP004.png;1.- FOTO SECADOR DE PELO 3 EN 1 - CP004.PNG;FOTO SECADOR DE PELO 3 EN 1 - CP004;33;{nombre: 'FOTO SECADOR DE PELO 3 EN 1 - CP004', precio:33, categoria: 'CUIDADO PERSONAL', imagen: '../OLIVO STORE - MATERIAL/CUIDADO PERSONAL/SECADOR DE PELO 3 EN 1/1.- FOTO SECADOR DE PELO 3 EN 1 - CP004.png'},
/OLIVO STORE - MATERIAL/CUIDADO PERSONAL/SECADOR DE PELO 3 EN 1/2.- FOTO SECADOR DE PELO 3 EN 1 - CP004.png;CUIDADO PERSONAL;SECADOR DE PELO 3 EN 1;2.- FOTO SECADOR DE PELO 3 EN 1 - CP004.png;2.- FOTO SECADOR DE PELO 3 EN 1 - CP004.PNG;FOTO SECADOR DE PELO 3 EN 1 - CP004;15;{nombre: 'FOTO SECADOR DE PELO 3 EN 1 - CP004', precio:15, categoria: 'CUIDADO PERSONAL', imagen: '../OLIVO STORE - MATERIAL/CUIDADO PERSONAL/SECADOR DE PELO 3 EN 1/2.- FOTO SECADOR DE PELO 3 EN 1 - CP004.png'},
/OLIVO STORE - MATERIAL/CUIDADO PERSONAL/SECADOR DE PELO 3 EN 1/3.- FOTO SECADOR DE PELO 3 EN 1 - CP004.png;CUIDADO PERSONAL;SECADOR DE PELO 3 EN 1;3.- FOTO SECADOR DE PELO 3 EN 1 - CP004.png;3.- FOTO SECADOR DE PELO 3 EN 1 - CP004.PNG;FOTO SECADOR DE PELO 3 EN 1 - CP004;18;{nombre: 'FOTO SECADOR DE PELO 3 EN 1 - CP004', precio:18, categoria: 'CUIDADO PERSONAL', imagen: '../OLIVO STORE - MATERIAL/CUIDADO PERSONAL/SECADOR DE PELO 3 EN 1/3.- FOTO SECADOR DE PELO 3 EN 1 - CP004.png'},
/OLIVO STORE - MATERIAL/CUIDADO PERSONAL/SECADOR DE PELO 3 EN 1/4.- FOTO SECADOR DE PELO 3 EN 1 - CP004.png;CUIDADO PERSONAL;SECADOR DE PELO 3 EN 1;4.- FOTO SECADOR DE PELO 3 EN 1 - CP004.png;4.- FOTO SECADOR DE PELO 3 EN 1 - CP004.PNG;FOTO SECADOR DE PELO 3 EN 1 - CP004;28;{nombre: 'FOTO SECADOR DE PELO 3 EN 1 - CP004', precio:28, categoria: 'CUIDADO PERSONAL', imagen: '../OLIVO STORE - MATERIAL/CUIDADO PERSONAL/SECADOR DE PELO 3 EN 1/4.- FOTO SECADOR DE PELO 3 EN 1 - CP004.png'},
/OLIVO STORE - MATERIAL/ESCRITORIO/CAJ‡N INVISIBLE;;;;;;;{nombre: '', precio:, categoria: '', imagen: '..//OLIVO STORE - MATERIAL/ESCRITORIO/CAJ‡N INVISIBLE'},
/OLIVO STORE - MATERIAL/ESCRITORIO/ET003 MOUSE CON CABLE;;;;;;;{nombre: '', precio:, categoria: '', imagen: '..//OLIVO STORE - MATERIAL/ESCRITORIO/ET003 MOUSE CON CABLE'},
/OLIVO STORE - MATERIAL/ESCRITORIO/ET004 LUZ ARO LED;;;;;;;{nombre: '', precio:, categoria: '', imagen: '..//OLIVO STORE - MATERIAL/ESCRITORIO/ET004 LUZ ARO LED'},
/OLIVO STORE - MATERIAL/ESCRITORIO/ET007 - ET008 FUNDA LAPTOP S-M;;;;;;;{nombre: '', precio:, categoria: '', imagen: '..//OLIVO STORE - MATERIAL/ESCRITORIO/ET007 - ET008 FUNDA LAPTOP S-M'},
/OLIVO STORE - MATERIAL/ESCRITORIO/ET009 MOUSE MIX ALFA;;;;;;;{nombre: '', precio:, categoria: '', imagen: '..//OLIVO STORE - MATERIAL/ESCRITORIO/ET009 MOUSE MIX ALFA'},
/OLIVO STORE - MATERIAL/ESCRITORIO/ET010 MOUSE BETA;;;;;;;{nombre: '', precio:, categoria: '', imagen: '..//OLIVO STORE - MATERIAL/ESCRITORIO/ET010 MOUSE BETA'},
/OLIVO STORE - MATERIAL/ESCRITORIO/ORGANIZADOR DE CABLES;;;;;;;{nombre: '', precio:, categoria: '', imagen: '..//OLIVO STORE - MATERIAL/ESCRITORIO/ORGANIZADOR DE CABLES'},
/OLIVO STORE - MATERIAL/ESCRITORIO/SOPORTE M”VIL;;;;;;;{nombre: '', precio:, categoria: '', imagen: '..//OLIVO STORE - MATERIAL/ESCRITORIO/SOPORTE M”VIL'},
/OLIVO STORE - MATERIAL/ESCRITORIO/CAJ”N INVISIBLE/CAJON INVISIBLE 1.webp;ESCRITORIO;CAJ”N INVISIBLE;CAJON INVISIBLE 1.webp;CAJON INVISIBLE 1.WEBP;CAJON INVISIBLE 1;28;{nombre: 'CAJON INVISIBLE 1', precio:28, categoria: 'ESCRITORIO', imagen: '../OLIVO STORE - MATERIAL/ESCRITORIO/CAJ”N INVISIBLE/CAJON INVISIBLE 1.webp'},
/OLIVO STORE - MATERIAL/ESCRITORIO/CAJ”N INVISIBLE/CAJON INVISIBLE 2.png;ESCRITORIO;CAJ”N INVISIBLE;CAJON INVISIBLE 2.png;CAJON INVISIBLE 2.PNG;CAJON INVISIBLE 2;12;{nombre: 'CAJON INVISIBLE 2', precio:12, categoria: 'ESCRITORIO', imagen: '../OLIVO STORE - MATERIAL/ESCRITORIO/CAJ”N INVISIBLE/CAJON INVISIBLE 2.png'},
/OLIVO STORE - MATERIAL/ESCRITORIO/CAJ”N INVISIBLE/CAJON INVISIBLE 3.webp;ESCRITORIO;CAJ”N INVISIBLE;CAJON INVISIBLE 3.webp;CAJON INVISIBLE 3.WEBP;CAJON INVISIBLE 3;19;{nombre: 'CAJON INVISIBLE 3', precio:19, categoria: 'ESCRITORIO', imagen: '../OLIVO STORE - MATERIAL/ESCRITORIO/CAJ”N INVISIBLE/CAJON INVISIBLE 3.webp'},
/OLIVO STORE - MATERIAL/ESCRITORIO/ET003 MOUSE CON CABLE/Mouse con Cable ejemplo 1.png;ESCRITORIO;ET003 MOUSE CON CABLE;Mouse con Cable ejemplo 1.png;MOUSE CON CABLE EJEMPLO 1.PNG;MOUSE CON CABLE EJEMPLO 1;11;{nombre: 'MOUSE CON CABLE EJEMPLO 1', precio:11, categoria: 'ESCRITORIO', imagen: '../OLIVO STORE - MATERIAL/ESCRITORIO/ET003 MOUSE CON CABLE/Mouse con Cable ejemplo 1.png'},
/OLIVO STORE - MATERIAL/ESCRITORIO/ET003 MOUSE CON CABLE/Mouse con Cable ejemplo 2.png;ESCRITORIO;ET003 MOUSE CON CABLE;Mouse con Cable ejemplo 2.png;MOUSE CON CABLE EJEMPLO 2.PNG;MOUSE CON CABLE EJEMPLO 2;30;{nombre: 'MOUSE CON CABLE EJEMPLO 2', precio:30, categoria: 'ESCRITORIO', imagen: '../OLIVO STORE - MATERIAL/ESCRITORIO/ET003 MOUSE CON CABLE/Mouse con Cable ejemplo 2.png'},
/OLIVO STORE - MATERIAL/ESCRITORIO/ET003 MOUSE CON CABLE/Mouse con Cable ejemplo 3.png;ESCRITORIO;ET003 MOUSE CON CABLE;Mouse con Cable ejemplo 3.png;MOUSE CON CABLE EJEMPLO 3.PNG;MOUSE CON CABLE EJEMPLO 3;26;{nombre: 'MOUSE CON CABLE EJEMPLO 3', precio:26, categoria: 'ESCRITORIO', imagen: '../OLIVO STORE - MATERIAL/ESCRITORIO/ET003 MOUSE CON CABLE/Mouse con Cable ejemplo 3.png'},
/OLIVO STORE - MATERIAL/ESCRITORIO/ET004 LUZ ARO LED/Luz aro led 2.png;ESCRITORIO;ET004 LUZ ARO LED;Luz aro led 2.png;LUZ ARO LED 2.PNG;LUZ ARO LED 2;18;{nombre: 'LUZ ARO LED 2', precio:18, categoria: 'ESCRITORIO', imagen: '../OLIVO STORE - MATERIAL/ESCRITORIO/ET004 LUZ ARO LED/Luz aro led 2.png'},
/OLIVO STORE - MATERIAL/ESCRITORIO/ET004 LUZ ARO LED/Luz Aro Led.png;ESCRITORIO;ET004 LUZ ARO LED;Luz Aro Led.png;LUZ ARO LED.PNG;LUZ ARO LED;23;{nombre: 'LUZ ARO LED', precio:23, categoria: 'ESCRITORIO', imagen: '../OLIVO STORE - MATERIAL/ESCRITORIO/ET004 LUZ ARO LED/Luz Aro Led.png'},
/OLIVO STORE - MATERIAL/ESCRITORIO/ET007 - ET008 FUNDA LAPTOP S-M/Funda laptop ejemplo 1_.webp;ESCRITORIO;ET007 - ET008 FUNDA LAPTOP S-M;Funda laptop ejemplo 1_.webp;FUNDA LAPTOP EJEMPLO 1_.WEBP;FUNDA LAPTOP EJEMPLO 1_;9;{nombre: 'FUNDA LAPTOP EJEMPLO 1_', precio:9, categoria: 'ESCRITORIO', imagen: '../OLIVO STORE - MATERIAL/ESCRITORIO/ET007 - ET008 FUNDA LAPTOP S-M/Funda laptop ejemplo 1_.webp'},
/OLIVO STORE - MATERIAL/ESCRITORIO/ET007 - ET008 FUNDA LAPTOP S-M/Funda laptop ejemplo 2.webp;ESCRITORIO;ET007 - ET008 FUNDA LAPTOP S-M;Funda laptop ejemplo 2.webp;FUNDA LAPTOP EJEMPLO 2.WEBP;FUNDA LAPTOP EJEMPLO 2;13;{nombre: 'FUNDA LAPTOP EJEMPLO 2', precio:13, categoria: 'ESCRITORIO', imagen: '../OLIVO STORE - MATERIAL/ESCRITORIO/ET007 - ET008 FUNDA LAPTOP S-M/Funda laptop ejemplo 2.webp'},
/OLIVO STORE - MATERIAL/ESCRITORIO/ET009 MOUSE MIX ALFA/Mouse Mix Alfa ejemplo 1.webp;ESCRITORIO;ET009 MOUSE MIX ALFA;Mouse Mix Alfa ejemplo 1.webp;MOUSE MIX ALFA EJEMPLO 1.WEBP;MOUSE MIX ALFA EJEMPLO 1;13;{nombre: 'MOUSE MIX ALFA EJEMPLO 1', precio:13, categoria: 'ESCRITORIO', imagen: '../OLIVO STORE - MATERIAL/ESCRITORIO/ET009 MOUSE MIX ALFA/Mouse Mix Alfa ejemplo 1.webp'},
/OLIVO STORE - MATERIAL/ESCRITORIO/ET009 MOUSE MIX ALFA/Mouse Mix Alfa ejemplo 2.webp;ESCRITORIO;ET009 MOUSE MIX ALFA;Mouse Mix Alfa ejemplo 2.webp;MOUSE MIX ALFA EJEMPLO 2.WEBP;MOUSE MIX ALFA EJEMPLO 2;40;{nombre: 'MOUSE MIX ALFA EJEMPLO 2', precio:40, categoria: 'ESCRITORIO', imagen: '../OLIVO STORE - MATERIAL/ESCRITORIO/ET009 MOUSE MIX ALFA/Mouse Mix Alfa ejemplo 2.webp'},
/OLIVO STORE - MATERIAL/ESCRITORIO/ET009 MOUSE MIX ALFA/Mouse Mix Alfa ejemplo 3.webp;ESCRITORIO;ET009 MOUSE MIX ALFA;Mouse Mix Alfa ejemplo 3.webp;MOUSE MIX ALFA EJEMPLO 3.WEBP;MOUSE MIX ALFA EJEMPLO 3;25;{nombre: 'MOUSE MIX ALFA EJEMPLO 3', precio:25, categoria: 'ESCRITORIO', imagen: '../OLIVO STORE - MATERIAL/ESCRITORIO/ET009 MOUSE MIX ALFA/Mouse Mix Alfa ejemplo 3.webp'},
/OLIVO STORE - MATERIAL/ESCRITORIO/ET010 MOUSE BETA/Mouse Beta ejemplo 1.webp;ESCRITORIO;ET010 MOUSE BETA;Mouse Beta ejemplo 1.webp;MOUSE BETA EJEMPLO 1.WEBP;MOUSE BETA EJEMPLO 1;31;{nombre: 'MOUSE BETA EJEMPLO 1', precio:31, categoria: 'ESCRITORIO', imagen: '../OLIVO STORE - MATERIAL/ESCRITORIO/ET010 MOUSE BETA/Mouse Beta ejemplo 1.webp'},
/OLIVO STORE - MATERIAL/ESCRITORIO/ET010 MOUSE BETA/Mouse Beta ejemplo 2.webp;ESCRITORIO;ET010 MOUSE BETA;Mouse Beta ejemplo 2.webp;MOUSE BETA EJEMPLO 2.WEBP;MOUSE BETA EJEMPLO 2;31;{nombre: 'MOUSE BETA EJEMPLO 2', precio:31, categoria: 'ESCRITORIO', imagen: '../OLIVO STORE - MATERIAL/ESCRITORIO/ET010 MOUSE BETA/Mouse Beta ejemplo 2.webp'},
/OLIVO STORE - MATERIAL/ESCRITORIO/ET010 MOUSE BETA/Mouse Beta ejemplo 3.webp;ESCRITORIO;ET010 MOUSE BETA;Mouse Beta ejemplo 3.webp;MOUSE BETA EJEMPLO 3.WEBP;MOUSE BETA EJEMPLO 3;20;{nombre: 'MOUSE BETA EJEMPLO 3', precio:20, categoria: 'ESCRITORIO', imagen: '../OLIVO STORE - MATERIAL/ESCRITORIO/ET010 MOUSE BETA/Mouse Beta ejemplo 3.webp'},
/OLIVO STORE - MATERIAL/ESCRITORIO/ORGANIZADOR DE CABLES/ORGANIZADOR DE CABLES ET006 ejemplo 1.png;ESCRITORIO;ORGANIZADOR DE CABLES;ORGANIZADOR DE CABLES ET006 ejemplo 1.png;ORGANIZADOR DE CABLES ET006 EJEMPLO 1.PNG;ORGANIZADOR DE CABLES ET006 EJEMPLO 1;38;{nombre: 'ORGANIZADOR DE CABLES ET006 EJEMPLO 1', precio:38, categoria: 'ESCRITORIO', imagen: '../OLIVO STORE - MATERIAL/ESCRITORIO/ORGANIZADOR DE CABLES/ORGANIZADOR DE CABLES ET006 ejemplo 1.png'},
/OLIVO STORE - MATERIAL/ESCRITORIO/ORGANIZADOR DE CABLES/ORGANIZADOR DE CABLES ET006 ejemplo 2.png;ESCRITORIO;ORGANIZADOR DE CABLES;ORGANIZADOR DE CABLES ET006 ejemplo 2.png;ORGANIZADOR DE CABLES ET006 EJEMPLO 2.PNG;ORGANIZADOR DE CABLES ET006 EJEMPLO 2;16;{nombre: 'ORGANIZADOR DE CABLES ET006 EJEMPLO 2', precio:16, categoria: 'ESCRITORIO', imagen: '../OLIVO STORE - MATERIAL/ESCRITORIO/ORGANIZADOR DE CABLES/ORGANIZADOR DE CABLES ET006 ejemplo 2.png'},
/OLIVO STORE - MATERIAL/ESCRITORIO/SOPORTE M”VIL/Soporte movil 1.png;ESCRITORIO;SOPORTE M”VIL;Soporte movil 1.png;SOPORTE MOVIL 1.PNG;SOPORTE MOVIL 1;14;{nombre: 'SOPORTE MOVIL 1', precio:14, categoria: 'ESCRITORIO', imagen: '../OLIVO STORE - MATERIAL/ESCRITORIO/SOPORTE M”VIL/Soporte movil 1.png'},
/OLIVO STORE - MATERIAL/ESCRITORIO/SOPORTE M”VIL/Soporte movil 2.png;ESCRITORIO;SOPORTE M”VIL;Soporte movil 2.png;SOPORTE MOVIL 2.PNG;SOPORTE MOVIL 2;36;{nombre: 'SOPORTE MOVIL 2', precio:36, categoria: 'ESCRITORIO', imagen: '../OLIVO STORE - MATERIAL/ESCRITORIO/SOPORTE M”VIL/Soporte movil 2.png'},
/OLIVO STORE - MATERIAL/ESCRITORIO/SOPORTE M”VIL/Soporte movil 3.png;ESCRITORIO;SOPORTE M”VIL;Soporte movil 3.png;SOPORTE MOVIL 3.PNG;SOPORTE MOVIL 3;27;{nombre: 'SOPORTE MOVIL 3', precio:27, categoria: 'ESCRITORIO', imagen: '../OLIVO STORE - MATERIAL/ESCRITORIO/SOPORTE M”VIL/Soporte movil 3.png'},
/OLIVO STORE - MATERIAL/HOGAR/BE002 MANTA ARCOIRIS;;;;;;;{nombre: '', precio:, categoria: '', imagen: '..//OLIVO STORE - MATERIAL/HOGAR/BE002 MANTA ARCOIRIS'},
/OLIVO STORE - MATERIAL/HOGAR/CEPILLO ELêCTRICO 5 EN 1;;;;;;;{nombre: '', precio:, categoria: '', imagen: '..//OLIVO STORE - MATERIAL/HOGAR/CEPILLO ELêCTRICO 5 EN 1'},
/OLIVO STORE - MATERIAL/HOGAR/CUBO DE BASURA CON SENSOR INTELIGENTE;;;;;;;{nombre: '', precio:, categoria: '', imagen: '..//OLIVO STORE - MATERIAL/HOGAR/CUBO DE BASURA CON SENSOR INTELIGENTE'},
/OLIVO STORE - MATERIAL/HOGAR/DISPENSADOR DE BOLSAS;;;;;;;{nombre: '', precio:, categoria: '', imagen: '..//OLIVO STORE - MATERIAL/HOGAR/DISPENSADOR DE BOLSAS'},
/OLIVO STORE - MATERIAL/HOGAR/ESTANTE COLGADOR PLEGABLE PARA VIAJE;;;;;;;{nombre: '', precio:, categoria: '', imagen: '..//OLIVO STORE - MATERIAL/HOGAR/ESTANTE COLGADOR PLEGABLE PARA VIAJE'},
/OLIVO STORE - MATERIAL/HOGAR/FILTROS ADHESIVOS;;;;;;;{nombre: '', precio:, categoria: '', imagen: '..//OLIVO STORE - MATERIAL/HOGAR/FILTROS ADHESIVOS'},
/OLIVO STORE - MATERIAL/HOGAR/HG001 LAMPARA LED MINI - G;;;;;;;{nombre: '', precio:, categoria: '', imagen: '..//OLIVO STORE - MATERIAL/HOGAR/HG001 LAMPARA LED MINI - G'},
/OLIVO STORE - MATERIAL/HOGAR/BE002 MANTA ARCOIRIS/MANTA ARCOIRIS 1.jpg;HOGAR;BE002 MANTA ARCOIRIS;MANTA ARCOIRIS 1.jpg;MANTA ARCOIRIS 1.JPG;MANTA ARCOIRIS 1;31;{nombre: 'MANTA ARCOIRIS 1', precio:31, categoria: 'HOGAR', imagen: '../OLIVO STORE - MATERIAL/HOGAR/BE002 MANTA ARCOIRIS/MANTA ARCOIRIS 1.jpg'},
/OLIVO STORE - MATERIAL/HOGAR/BE002 MANTA ARCOIRIS/MANTA ARCOIRIS 2.jpg;HOGAR;BE002 MANTA ARCOIRIS;MANTA ARCOIRIS 2.jpg;MANTA ARCOIRIS 2.JPG;MANTA ARCOIRIS 2;11;{nombre: 'MANTA ARCOIRIS 2', precio:11, categoria: 'HOGAR', imagen: '../OLIVO STORE - MATERIAL/HOGAR/BE002 MANTA ARCOIRIS/MANTA ARCOIRIS 2.jpg'},
/OLIVO STORE - MATERIAL/HOGAR/BE002 MANTA ARCOIRIS/MANTA ARCOIRIS 3.jpg;HOGAR;BE002 MANTA ARCOIRIS;MANTA ARCOIRIS 3.jpg;MANTA ARCOIRIS 3.JPG;MANTA ARCOIRIS 3;17;{nombre: 'MANTA ARCOIRIS 3', precio:17, categoria: 'HOGAR', imagen: '../OLIVO STORE - MATERIAL/HOGAR/BE002 MANTA ARCOIRIS/MANTA ARCOIRIS 3.jpg'},
/OLIVO STORE - MATERIAL/HOGAR/CEPILLO ELêCTRICO 5 EN 1/1.- FOTO CEPILLO ELECTRICO 5 EN 1  - HG022.png;HOGAR;CEPILLO ELêCTRICO 5 EN 1;1.- FOTO CEPILLO ELECTRICO 5 EN 1  - HG022.png;1.- FOTO CEPILLO ELECTRICO 5 EN 1  - HG022.PNG;FOTO CEPILLO ELECTRICO 5 EN 1  - HG022;11;{nombre: 'FOTO CEPILLO ELECTRICO 5 EN 1  - HG022', precio:11, categoria: 'HOGAR', imagen: '../OLIVO STORE - MATERIAL/HOGAR/CEPILLO ELêCTRICO 5 EN 1/1.- FOTO CEPILLO ELECTRICO 5 EN 1  - HG022.png'},
/OLIVO STORE - MATERIAL/HOGAR/CEPILLO ELêCTRICO 5 EN 1/2.- FOTO CEPILLO ELECTRICO 5 EN 1  - HG022.png;HOGAR;CEPILLO ELêCTRICO 5 EN 1;2.- FOTO CEPILLO ELECTRICO 5 EN 1  - HG022.png;2.- FOTO CEPILLO ELECTRICO 5 EN 1  - HG022.PNG;FOTO CEPILLO ELECTRICO 5 EN 1  - HG022;11;{nombre: 'FOTO CEPILLO ELECTRICO 5 EN 1  - HG022', precio:11, categoria: 'HOGAR', imagen: '../OLIVO STORE - MATERIAL/HOGAR/CEPILLO ELêCTRICO 5 EN 1/2.- FOTO CEPILLO ELECTRICO 5 EN 1  - HG022.png'},
/OLIVO STORE - MATERIAL/HOGAR/CEPILLO ELêCTRICO 5 EN 1/3.- FOTO CEPILLO ELECTRICO 5 EN 1  - HG022.png;HOGAR;CEPILLO ELêCTRICO 5 EN 1;3.- FOTO CEPILLO ELECTRICO 5 EN 1  - HG022.png;3.- FOTO CEPILLO ELECTRICO 5 EN 1  - HG022.PNG;FOTO CEPILLO ELECTRICO 5 EN 1  - HG022;25;{nombre: 'FOTO CEPILLO ELECTRICO 5 EN 1  - HG022', precio:25, categoria: 'HOGAR', imagen: '../OLIVO STORE - MATERIAL/HOGAR/CEPILLO ELêCTRICO 5 EN 1/3.- FOTO CEPILLO ELECTRICO 5 EN 1  - HG022.png'},
/OLIVO STORE - MATERIAL/HOGAR/CEPILLO ELêCTRICO 5 EN 1/4.- FOTO CEPILLO ELECTRICO 5 EN 1  - HG022.png;HOGAR;CEPILLO ELêCTRICO 5 EN 1;4.- FOTO CEPILLO ELECTRICO 5 EN 1  - HG022.png;4.- FOTO CEPILLO ELECTRICO 5 EN 1  - HG022.PNG;FOTO CEPILLO ELECTRICO 5 EN 1  - HG022;32;{nombre: 'FOTO CEPILLO ELECTRICO 5 EN 1  - HG022', precio:32, categoria: 'HOGAR', imagen: '../OLIVO STORE - MATERIAL/HOGAR/CEPILLO ELêCTRICO 5 EN 1/4.- FOTO CEPILLO ELECTRICO 5 EN 1  - HG022.png'},
/OLIVO STORE - MATERIAL/HOGAR/CEPILLO ELêCTRICO 5 EN 1/5.- FOTO CEPILLO ELECTRICO 5 EN 1  - HG022.png;HOGAR;CEPILLO ELêCTRICO 5 EN 1;5.- FOTO CEPILLO ELECTRICO 5 EN 1  - HG022.png;5.- FOTO CEPILLO ELECTRICO 5 EN 1  - HG022.PNG;FOTO CEPILLO ELECTRICO 5 EN 1  - HG022;20;{nombre: 'FOTO CEPILLO ELECTRICO 5 EN 1  - HG022', precio:20, categoria: 'HOGAR', imagen: '../OLIVO STORE - MATERIAL/HOGAR/CEPILLO ELêCTRICO 5 EN 1/5.- FOTO CEPILLO ELECTRICO 5 EN 1  - HG022.png'},
/OLIVO STORE - MATERIAL/HOGAR/CUBO DE BASURA CON SENSOR INTELIGENTE/1.- FOTO CUBO DE BASURA CON SENSOR INTELIGENTE  - HG027.png;HOGAR;CUBO DE BASURA CON SENSOR INTELIGENTE;1.- FOTO CUBO DE BASURA CON SENSOR INTELIGENTE  - HG027.png;1.- FOTO CUBO DE BASURA CON SENSOR INTELIGENTE  - HG027.PNG;FOTO CUBO DE BASURA CON SENSOR INTELIGENTE  - HG027;14;{nombre: 'FOTO CUBO DE BASURA CON SENSOR INTELIGENTE  - HG027', precio:14, categoria: 'HOGAR', imagen: '../OLIVO STORE - MATERIAL/HOGAR/CUBO DE BASURA CON SENSOR INTELIGENTE/1.- FOTO CUBO DE BASURA CON SENSOR INTELIGENTE  - HG027.png'},
/OLIVO STORE - MATERIAL/HOGAR/CUBO DE BASURA CON SENSOR INTELIGENTE/2.- FOTO CUBO DE BASURA CON SENSOR INTELIGENTE  - HG027.png;HOGAR;CUBO DE BASURA CON SENSOR INTELIGENTE;2.- FOTO CUBO DE BASURA CON SENSOR INTELIGENTE  - HG027.png;2.- FOTO CUBO DE BASURA CON SENSOR INTELIGENTE  - HG027.PNG;FOTO CUBO DE BASURA CON SENSOR INTELIGENTE  - HG027;24;{nombre: 'FOTO CUBO DE BASURA CON SENSOR INTELIGENTE  - HG027', precio:24, categoria: 'HOGAR', imagen: '../OLIVO STORE - MATERIAL/HOGAR/CUBO DE BASURA CON SENSOR INTELIGENTE/2.- FOTO CUBO DE BASURA CON SENSOR INTELIGENTE  - HG027.png'},
/OLIVO STORE - MATERIAL/HOGAR/CUBO DE BASURA CON SENSOR INTELIGENTE/3.- FOTO CUBO DE BASURA CON SENSOR INTELIGENTE  - HG027.png;HOGAR;CUBO DE BASURA CON SENSOR INTELIGENTE;3.- FOTO CUBO DE BASURA CON SENSOR INTELIGENTE  - HG027.png;3.- FOTO CUBO DE BASURA CON SENSOR INTELIGENTE  - HG027.PNG;FOTO CUBO DE BASURA CON SENSOR INTELIGENTE  - HG027;27;{nombre: 'FOTO CUBO DE BASURA CON SENSOR INTELIGENTE  - HG027', precio:27, categoria: 'HOGAR', imagen: '../OLIVO STORE - MATERIAL/HOGAR/CUBO DE BASURA CON SENSOR INTELIGENTE/3.- FOTO CUBO DE BASURA CON SENSOR INTELIGENTE  - HG027.png'},
/OLIVO STORE - MATERIAL/HOGAR/CUBO DE BASURA CON SENSOR INTELIGENTE/4.- FOTO CUBO DE BASURA CON SENSOR INTELIGENTE  - HG027.png;HOGAR;CUBO DE BASURA CON SENSOR INTELIGENTE;4.- FOTO CUBO DE BASURA CON SENSOR INTELIGENTE  - HG027.png;4.- FOTO CUBO DE BASURA CON SENSOR INTELIGENTE  - HG027.PNG;FOTO CUBO DE BASURA CON SENSOR INTELIGENTE  - HG027;24;{nombre: 'FOTO CUBO DE BASURA CON SENSOR INTELIGENTE  - HG027', precio:24, categoria: 'HOGAR', imagen: '../OLIVO STORE - MATERIAL/HOGAR/CUBO DE BASURA CON SENSOR INTELIGENTE/4.- FOTO CUBO DE BASURA CON SENSOR INTELIGENTE  - HG027.png'},
/OLIVO STORE - MATERIAL/HOGAR/CUBO DE BASURA CON SENSOR INTELIGENTE/5.- FOTO CUBO DE BASURA CON SENSOR INTELIGENTE  - HG027.png;HOGAR;CUBO DE BASURA CON SENSOR INTELIGENTE;5.- FOTO CUBO DE BASURA CON SENSOR INTELIGENTE  - HG027.png;5.- FOTO CUBO DE BASURA CON SENSOR INTELIGENTE  - HG027.PNG;FOTO CUBO DE BASURA CON SENSOR INTELIGENTE  - HG027;10;{nombre: 'FOTO CUBO DE BASURA CON SENSOR INTELIGENTE  - HG027', precio:10, categoria: 'HOGAR', imagen: '../OLIVO STORE - MATERIAL/HOGAR/CUBO DE BASURA CON SENSOR INTELIGENTE/5.- FOTO CUBO DE BASURA CON SENSOR INTELIGENTE  - HG027.png'},
/OLIVO STORE - MATERIAL/HOGAR/DISPENSADOR DE BOLSAS/1.- FOTO DISPENSADOR DE BOLSAS - HG026.png;HOGAR;DISPENSADOR DE BOLSAS;1.- FOTO DISPENSADOR DE BOLSAS - HG026.png;1.- FOTO DISPENSADOR DE BOLSAS - HG026.PNG;FOTO DISPENSADOR DE BOLSAS - HG026;28;{nombre: 'FOTO DISPENSADOR DE BOLSAS - HG026', precio:28, categoria: 'HOGAR', imagen: '../OLIVO STORE - MATERIAL/HOGAR/DISPENSADOR DE BOLSAS/1.- FOTO DISPENSADOR DE BOLSAS - HG026.png'},
/OLIVO STORE - MATERIAL/HOGAR/DISPENSADOR DE BOLSAS/2.- FOTO DISPENSADOR DE BOLSAS - HG026.png;HOGAR;DISPENSADOR DE BOLSAS;2.- FOTO DISPENSADOR DE BOLSAS - HG026.png;2.- FOTO DISPENSADOR DE BOLSAS - HG026.PNG;FOTO DISPENSADOR DE BOLSAS - HG026;10;{nombre: 'FOTO DISPENSADOR DE BOLSAS - HG026', precio:10, categoria: 'HOGAR', imagen: '../OLIVO STORE - MATERIAL/HOGAR/DISPENSADOR DE BOLSAS/2.- FOTO DISPENSADOR DE BOLSAS - HG026.png'},
/OLIVO STORE - MATERIAL/HOGAR/DISPENSADOR DE BOLSAS/3.- FOTO DISPENSADOR DE BOLSAS - HG026.png;HOGAR;DISPENSADOR DE BOLSAS;3.- FOTO DISPENSADOR DE BOLSAS - HG026.png;3.- FOTO DISPENSADOR DE BOLSAS - HG026.PNG;FOTO DISPENSADOR DE BOLSAS - HG026;9;{nombre: 'FOTO DISPENSADOR DE BOLSAS - HG026', precio:9, categoria: 'HOGAR', imagen: '../OLIVO STORE - MATERIAL/HOGAR/DISPENSADOR DE BOLSAS/3.- FOTO DISPENSADOR DE BOLSAS - HG026.png'},
/OLIVO STORE - MATERIAL/HOGAR/ESTANTE COLGADOR PLEGABLE PARA VIAJE/1.- FOTO ESTANTE COLGADOR PLEGABLE PARA VIAJE - HG029.png;HOGAR;ESTANTE COLGADOR PLEGABLE PARA VIAJE;1.- FOTO ESTANTE COLGADOR PLEGABLE PARA VIAJE - HG029.png;1.- FOTO ESTANTE COLGADOR PLEGABLE PARA VIAJE - HG029.PNG;FOTO ESTANTE COLGADOR PLEGABLE PARA VIAJE - HG029;37;{nombre: 'FOTO ESTANTE COLGADOR PLEGABLE PARA VIAJE - HG029', precio:37, categoria: 'HOGAR', imagen: '../OLIVO STORE - MATERIAL/HOGAR/ESTANTE COLGADOR PLEGABLE PARA VIAJE/1.- FOTO ESTANTE COLGADOR PLEGABLE PARA VIAJE - HG029.png'},
/OLIVO STORE - MATERIAL/HOGAR/ESTANTE COLGADOR PLEGABLE PARA VIAJE/2.- FOTO ESTANTE COLGADOR PLEGABLE PARA VIAJE - HG029.png;HOGAR;ESTANTE COLGADOR PLEGABLE PARA VIAJE;2.- FOTO ESTANTE COLGADOR PLEGABLE PARA VIAJE - HG029.png;2.- FOTO ESTANTE COLGADOR PLEGABLE PARA VIAJE - HG029.PNG;FOTO ESTANTE COLGADOR PLEGABLE PARA VIAJE - HG029;27;{nombre: 'FOTO ESTANTE COLGADOR PLEGABLE PARA VIAJE - HG029', precio:27, categoria: 'HOGAR', imagen: '../OLIVO STORE - MATERIAL/HOGAR/ESTANTE COLGADOR PLEGABLE PARA VIAJE/2.- FOTO ESTANTE COLGADOR PLEGABLE PARA VIAJE - HG029.png'},
/OLIVO STORE - MATERIAL/HOGAR/ESTANTE COLGADOR PLEGABLE PARA VIAJE/3.- FOTO ESTANTE COLGADOR PLEGABLE PARA VIAJE - HG029.png;HOGAR;ESTANTE COLGADOR PLEGABLE PARA VIAJE;3.- FOTO ESTANTE COLGADOR PLEGABLE PARA VIAJE - HG029.png;3.- FOTO ESTANTE COLGADOR PLEGABLE PARA VIAJE - HG029.PNG;FOTO ESTANTE COLGADOR PLEGABLE PARA VIAJE - HG029;32;{nombre: 'FOTO ESTANTE COLGADOR PLEGABLE PARA VIAJE - HG029', precio:32, categoria: 'HOGAR', imagen: '../OLIVO STORE - MATERIAL/HOGAR/ESTANTE COLGADOR PLEGABLE PARA VIAJE/3.- FOTO ESTANTE COLGADOR PLEGABLE PARA VIAJE - HG029.png'},
/OLIVO STORE - MATERIAL/HOGAR/FILTROS ADHESIVOS/1.- FOTO FILTROS ADHESIVOS - HG021.png;HOGAR;FILTROS ADHESIVOS;1.- FOTO FILTROS ADHESIVOS - HG021.png;1.- FOTO FILTROS ADHESIVOS - HG021.PNG;FOTO FILTROS ADHESIVOS - HG021;34;{nombre: 'FOTO FILTROS ADHESIVOS - HG021', precio:34, categoria: 'HOGAR', imagen: '../OLIVO STORE - MATERIAL/HOGAR/FILTROS ADHESIVOS/1.- FOTO FILTROS ADHESIVOS - HG021.png'},
/OLIVO STORE - MATERIAL/HOGAR/FILTROS ADHESIVOS/2.- FOTO FILTROS ADHESIVOS - HG021.png;HOGAR;FILTROS ADHESIVOS;2.- FOTO FILTROS ADHESIVOS - HG021.png;2.- FOTO FILTROS ADHESIVOS - HG021.PNG;FOTO FILTROS ADHESIVOS - HG021;17;{nombre: 'FOTO FILTROS ADHESIVOS - HG021', precio:17, categoria: 'HOGAR', imagen: '../OLIVO STORE - MATERIAL/HOGAR/FILTROS ADHESIVOS/2.- FOTO FILTROS ADHESIVOS - HG021.png'},
/OLIVO STORE - MATERIAL/HOGAR/FILTROS ADHESIVOS/3.- FOTO FILTROS ADHESIVOS - HG021.png;HOGAR;FILTROS ADHESIVOS;3.- FOTO FILTROS ADHESIVOS - HG021.png;3.- FOTO FILTROS ADHESIVOS - HG021.PNG;FOTO FILTROS ADHESIVOS - HG021;34;{nombre: 'FOTO FILTROS ADHESIVOS - HG021', precio:34, categoria: 'HOGAR', imagen: '../OLIVO STORE - MATERIAL/HOGAR/FILTROS ADHESIVOS/3.- FOTO FILTROS ADHESIVOS - HG021.png'},
/OLIVO STORE - MATERIAL/HOGAR/FILTROS ADHESIVOS/4.- FOTO FILTROS ADHESIVOS - HG021.png;HOGAR;FILTROS ADHESIVOS;4.- FOTO FILTROS ADHESIVOS - HG021.png;4.- FOTO FILTROS ADHESIVOS - HG021.PNG;FOTO FILTROS ADHESIVOS - HG021;29;{nombre: 'FOTO FILTROS ADHESIVOS - HG021', precio:29, categoria: 'HOGAR', imagen: '../OLIVO STORE - MATERIAL/HOGAR/FILTROS ADHESIVOS/4.- FOTO FILTROS ADHESIVOS - HG021.png'},
/OLIVO STORE - MATERIAL/HOGAR/FILTROS ADHESIVOS/5.- FOTO FILTROS ADHESIVOS - HG021.png;HOGAR;FILTROS ADHESIVOS;5.- FOTO FILTROS ADHESIVOS - HG021.png;5.- FOTO FILTROS ADHESIVOS - HG021.PNG;FOTO FILTROS ADHESIVOS - HG021;18;{nombre: 'FOTO FILTROS ADHESIVOS - HG021', precio:18, categoria: 'HOGAR', imagen: '../OLIVO STORE - MATERIAL/HOGAR/FILTROS ADHESIVOS/5.- FOTO FILTROS ADHESIVOS - HG021.png'},
/OLIVO STORE - MATERIAL/HOGAR/HG001 LAMPARA LED MINI - G/Lampara led mini 1.png;HOGAR;HG001 LAMPARA LED MINI - G;Lampara led mini 1.png;LAMPARA LED MINI 1.PNG;LAMPARA LED MINI 1;40;{nombre: 'LAMPARA LED MINI 1', precio:40, categoria: 'HOGAR', imagen: '../OLIVO STORE - MATERIAL/HOGAR/HG001 LAMPARA LED MINI - G/Lampara led mini 1.png'},
/OLIVO STORE - MATERIAL/TECNOLOGÕA/ESTACI‡N 3 EN 1 RGB;;;;;;;{nombre: '', precio:, categoria: '', imagen: '..//OLIVO STORE - MATERIAL/TECNOLOGÕA/ESTACI‡N 3 EN 1 RGB'},
/OLIVO STORE - MATERIAL/TECNOLOGÕA/KIT VIDEOMAKER;;;;;;;{nombre: '', precio:, categoria: '', imagen: '..//OLIVO STORE - MATERIAL/TECNOLOGÕA/KIT VIDEOMAKER'},
/OLIVO STORE - MATERIAL/TECNOLOGÕA/SMARTWATCH I8 INFINITY;;;;;;;{nombre: '', precio:, categoria: '', imagen: '..//OLIVO STORE - MATERIAL/TECNOLOGÕA/SMARTWATCH I8 INFINITY'},
/OLIVO STORE - MATERIAL/TECNOLOGÕA/TE007 CARGADOR 3 EN 1 ALPHA;;;;;;;{nombre: '', precio:, categoria: '', imagen: '..//OLIVO STORE - MATERIAL/TECNOLOGÕA/TE007 CARGADOR 3 EN 1 ALPHA'},
/OLIVO STORE - MATERIAL/TECNOLOGÕA/TE013 TRIPODE ILUMINADOR;;;;;;;{nombre: '', precio:, categoria: '', imagen: '..//OLIVO STORE - MATERIAL/TECNOLOGÕA/TE013 TRIPODE ILUMINADOR'},
/OLIVO STORE - MATERIAL/TECNOLOGÕA/TE014 PROYECTOR DE LUZ;;;;;;;{nombre: '', precio:, categoria: '', imagen: '..//OLIVO STORE - MATERIAL/TECNOLOGÕA/TE014 PROYECTOR DE LUZ'},
/OLIVO STORE - MATERIAL/TECNOLOGÕA/TE015 TIRAS LED RGB;;;;;;;{nombre: '', precio:, categoria: '', imagen: '..//OLIVO STORE - MATERIAL/TECNOLOGÕA/TE015 TIRAS LED RGB'},
/OLIVO STORE - MATERIAL/TECNOLOGÕA/TE016 LAMPARA R÷TMICA RGB;;;;;;;{nombre: '', precio:, categoria: '', imagen: '..//OLIVO STORE - MATERIAL/TECNOLOGÕA/TE016 LAMPARA R÷TMICA RGB'},
/OLIVO STORE - MATERIAL/TECNOLOGÕA/ESTACI”N 3 EN 1 RGB/194.png;TECNOLOGÕA;ESTACI”N 3 EN 1 RGB;194.png;194.PNG;;24;{nombre: '', precio:24, categoria: 'TECNOLOGÕA', imagen: '../OLIVO STORE - MATERIAL/TECNOLOGÕA/ESTACI”N 3 EN 1 RGB/194.png'},
/OLIVO STORE - MATERIAL/TECNOLOGÕA/ESTACI”N 3 EN 1 RGB/195.png;TECNOLOGÕA;ESTACI”N 3 EN 1 RGB;195.png;195.PNG;;10;{nombre: '', precio:10, categoria: 'TECNOLOGÕA', imagen: '../OLIVO STORE - MATERIAL/TECNOLOGÕA/ESTACI”N 3 EN 1 RGB/195.png'},
/OLIVO STORE - MATERIAL/TECNOLOGÕA/ESTACI”N 3 EN 1 RGB/196.png;TECNOLOGÕA;ESTACI”N 3 EN 1 RGB;196.png;196.PNG;;38;{nombre: '', precio:38, categoria: 'TECNOLOGÕA', imagen: '../OLIVO STORE - MATERIAL/TECNOLOGÕA/ESTACI”N 3 EN 1 RGB/196.png'},
/OLIVO STORE - MATERIAL/TECNOLOGÕA/ESTACI”N 3 EN 1 RGB/295.png;TECNOLOGÕA;ESTACI”N 3 EN 1 RGB;295.png;295.PNG;;26;{nombre: '', precio:26, categoria: 'TECNOLOGÕA', imagen: '../OLIVO STORE - MATERIAL/TECNOLOGÕA/ESTACI”N 3 EN 1 RGB/295.png'},
/OLIVO STORE - MATERIAL/TECNOLOGÕA/KIT VIDEOMAKER/191.png;TECNOLOGÕA;KIT VIDEOMAKER;191.png;191.PNG;;12;{nombre: '', precio:12, categoria: 'TECNOLOGÕA', imagen: '../OLIVO STORE - MATERIAL/TECNOLOGÕA/KIT VIDEOMAKER/191.png'},
/OLIVO STORE - MATERIAL/TECNOLOGÕA/KIT VIDEOMAKER/192.png;TECNOLOGÕA;KIT VIDEOMAKER;192.png;192.PNG;;28;{nombre: '', precio:28, categoria: 'TECNOLOGÕA', imagen: '../OLIVO STORE - MATERIAL/TECNOLOGÕA/KIT VIDEOMAKER/192.png'},
/OLIVO STORE - MATERIAL/TECNOLOGÕA/KIT VIDEOMAKER/193.png;TECNOLOGÕA;KIT VIDEOMAKER;193.png;193.PNG;;19;{nombre: '', precio:19, categoria: 'TECNOLOGÕA', imagen: '../OLIVO STORE - MATERIAL/TECNOLOGÕA/KIT VIDEOMAKER/193.png'},
/OLIVO STORE - MATERIAL/TECNOLOGÕA/SMARTWATCH I8 INFINITY/197.png;TECNOLOGÕA;SMARTWATCH I8 INFINITY;197.png;197.PNG;;38;{nombre: '', precio:38, categoria: 'TECNOLOGÕA', imagen: '../OLIVO STORE - MATERIAL/TECNOLOGÕA/SMARTWATCH I8 INFINITY/197.png'},
/OLIVO STORE - MATERIAL/TECNOLOGÕA/SMARTWATCH I8 INFINITY/198.png;TECNOLOGÕA;SMARTWATCH I8 INFINITY;198.png;198.PNG;;22;{nombre: '', precio:22, categoria: 'TECNOLOGÕA', imagen: '../OLIVO STORE - MATERIAL/TECNOLOGÕA/SMARTWATCH I8 INFINITY/198.png'},
/OLIVO STORE - MATERIAL/TECNOLOGÕA/SMARTWATCH I8 INFINITY/199.png;TECNOLOGÕA;SMARTWATCH I8 INFINITY;199.png;199.PNG;;33;{nombre: '', precio:33, categoria: 'TECNOLOGÕA', imagen: '../OLIVO STORE - MATERIAL/TECNOLOGÕA/SMARTWATCH I8 INFINITY/199.png'},
/OLIVO STORE - MATERIAL/TECNOLOGÕA/SMARTWATCH I8 INFINITY/201.png;TECNOLOGÕA;SMARTWATCH I8 INFINITY;201.png;201.PNG;;39;{nombre: '', precio:39, categoria: 'TECNOLOGÕA', imagen: '../OLIVO STORE - MATERIAL/TECNOLOGÕA/SMARTWATCH I8 INFINITY/201.png'},
/OLIVO STORE - MATERIAL/TECNOLOGÕA/TE007 CARGADOR 3 EN 1 ALPHA/CARGADOR 3 EN 1 ALPHA - 1.jpg;TECNOLOGÕA;TE007 CARGADOR 3 EN 1 ALPHA;CARGADOR 3 EN 1 ALPHA - 1.jpg;CARGADOR 3 EN 1 ALPHA - 1.JPG;CARGADOR 3 EN 1 ALPHA - 1;18;{nombre: 'CARGADOR 3 EN 1 ALPHA - 1', precio:18, categoria: 'TECNOLOGÕA', imagen: '../OLIVO STORE - MATERIAL/TECNOLOGÕA/TE007 CARGADOR 3 EN 1 ALPHA/CARGADOR 3 EN 1 ALPHA - 1.jpg'},
/OLIVO STORE - MATERIAL/TECNOLOGÕA/TE007 CARGADOR 3 EN 1 ALPHA/CARGADOR 3 EN 1 ALPHA - 2.jpg;TECNOLOGÕA;TE007 CARGADOR 3 EN 1 ALPHA;CARGADOR 3 EN 1 ALPHA - 2.jpg;CARGADOR 3 EN 1 ALPHA - 2.JPG;CARGADOR 3 EN 1 ALPHA - 2;13;{nombre: 'CARGADOR 3 EN 1 ALPHA - 2', precio:13, categoria: 'TECNOLOGÕA', imagen: '../OLIVO STORE - MATERIAL/TECNOLOGÕA/TE007 CARGADOR 3 EN 1 ALPHA/CARGADOR 3 EN 1 ALPHA - 2.jpg'},
/OLIVO STORE - MATERIAL/TECNOLOGÕA/TE013 TRIPODE ILUMINADOR/TRIPODE ILUMINADOR 3.png;TECNOLOGÕA;TE013 TRIPODE ILUMINADOR;TRIPODE ILUMINADOR 3.png;TRIPODE ILUMINADOR 3.PNG;TRIPODE ILUMINADOR 3;8;{nombre: 'TRIPODE ILUMINADOR 3', precio:8, categoria: 'TECNOLOGÕA', imagen: '../OLIVO STORE - MATERIAL/TECNOLOGÕA/TE013 TRIPODE ILUMINADOR/TRIPODE ILUMINADOR 3.png'},
/OLIVO STORE - MATERIAL/TECNOLOGÕA/TE013 TRIPODE ILUMINADOR/TRIPODE ILUMINADOR VIDEO 1.webp;TECNOLOGÕA;TE013 TRIPODE ILUMINADOR;TRIPODE ILUMINADOR VIDEO 1.webp;TRIPODE ILUMINADOR VIDEO 1.WEBP;TRIPODE ILUMINADOR VIDEO 1;40;{nombre: 'TRIPODE ILUMINADOR VIDEO 1', precio:40, categoria: 'TECNOLOGÕA', imagen: '../OLIVO STORE - MATERIAL/TECNOLOGÕA/TE013 TRIPODE ILUMINADOR/TRIPODE ILUMINADOR VIDEO 1.webp'},
/OLIVO STORE - MATERIAL/TECNOLOGÕA/TE014 PROYECTOR DE LUZ/PROYECTO DE LUZ ejemplo 1.png;TECNOLOGÕA;TE014 PROYECTOR DE LUZ;PROYECTO DE LUZ ejemplo 1.png;PROYECTO DE LUZ EJEMPLO 1.PNG;PROYECTO DE LUZ EJEMPLO 1;8;{nombre: 'PROYECTO DE LUZ EJEMPLO 1', precio:8, categoria: 'TECNOLOGÕA', imagen: '../OLIVO STORE - MATERIAL/TECNOLOGÕA/TE014 PROYECTOR DE LUZ/PROYECTO DE LUZ ejemplo 1.png'},
/OLIVO STORE - MATERIAL/TECNOLOGÕA/TE014 PROYECTOR DE LUZ/PROYECTO DE LUZ ejemplo 2.png;TECNOLOGÕA;TE014 PROYECTOR DE LUZ;PROYECTO DE LUZ ejemplo 2.png;PROYECTO DE LUZ EJEMPLO 2.PNG;PROYECTO DE LUZ EJEMPLO 2;35;{nombre: 'PROYECTO DE LUZ EJEMPLO 2', precio:35, categoria: 'TECNOLOGÕA', imagen: '../OLIVO STORE - MATERIAL/TECNOLOGÕA/TE014 PROYECTOR DE LUZ/PROYECTO DE LUZ ejemplo 2.png'},
/OLIVO STORE - MATERIAL/TECNOLOGÕA/TE014 PROYECTOR DE LUZ/PROYECTO DE LUZ_.png;TECNOLOGÕA;TE014 PROYECTOR DE LUZ;PROYECTO DE LUZ_.png;PROYECTO DE LUZ_.PNG;PROYECTO DE LUZ_;20;{nombre: 'PROYECTO DE LUZ_', precio:20, categoria: 'TECNOLOGÕA', imagen: '../OLIVO STORE - MATERIAL/TECNOLOGÕA/TE014 PROYECTOR DE LUZ/PROYECTO DE LUZ_.png'},
/OLIVO STORE - MATERIAL/TECNOLOGÕA/TE015 TIRAS LED RGB/TIRAS LED RGB 1.webp;TECNOLOGÕA;TE015 TIRAS LED RGB;TIRAS LED RGB 1.webp;TIRAS LED RGB 1.WEBP;TIRAS LED RGB 1;15;{nombre: 'TIRAS LED RGB 1', precio:15, categoria: 'TECNOLOGÕA', imagen: '../OLIVO STORE - MATERIAL/TECNOLOGÕA/TE015 TIRAS LED RGB/TIRAS LED RGB 1.webp'},
/OLIVO STORE - MATERIAL/TECNOLOGÕA/TE015 TIRAS LED RGB/TIRAS LED RGB 2.png;TECNOLOGÕA;TE015 TIRAS LED RGB;TIRAS LED RGB 2.png;TIRAS LED RGB 2.PNG;TIRAS LED RGB 2;25;{nombre: 'TIRAS LED RGB 2', precio:25, categoria: 'TECNOLOGÕA', imagen: '../OLIVO STORE - MATERIAL/TECNOLOGÕA/TE015 TIRAS LED RGB/TIRAS LED RGB 2.png'},
/OLIVO STORE - MATERIAL/TECNOLOGÕA/TE016 LAMPARA RÕTMICA RGB/LAMPARA RITMICA 1.jpg;TECNOLOGÕA;TE016 LAMPARA RÕTMICA RGB;LAMPARA RITMICA 1.jpg;LAMPARA RITMICA 1.JPG;LAMPARA RITMICA 1;15;{nombre: 'LAMPARA RITMICA 1', precio:15, categoria: 'TECNOLOGÕA', imagen: '../OLIVO STORE - MATERIAL/TECNOLOGÕA/TE016 LAMPARA RÕTMICA RGB/LAMPARA RITMICA 1.jpg'},
/OLIVO STORE - MATERIAL/TECNOLOGÕA/TE016 LAMPARA RÕTMICA RGB/LAMPARA RITMICA RGB 2.webp;TECNOLOGÕA;TE016 LAMPARA RÕTMICA RGB;LAMPARA RITMICA RGB 2.webp;LAMPARA RITMICA RGB 2.WEBP;LAMPARA RITMICA RGB 2;16;{nombre: 'LAMPARA RITMICA RGB 2', precio:16, categoria: 'TECNOLOGÕA', imagen: '../OLIVO STORE - MATERIAL/TECNOLOGÕA/TE016 LAMPARA RÕTMICA RGB/LAMPARA RITMICA RGB 2.webp'},
/OLIVO STORE - MATERIAL/TECNOLOGÕA/TE016 LAMPARA RÕTMICA RGB/LAMPARA RITMICA RGB 3.png;TECNOLOGÕA;TE016 LAMPARA RÕTMICA RGB;LAMPARA RITMICA RGB 3.png;LAMPARA RITMICA RGB 3.PNG;LAMPARA RITMICA RGB 3;37;{nombre: 'LAMPARA RITMICA RGB 3', precio:37, categoria: 'TECNOLOGÕA', imagen: '../OLIVO STORE - MATERIAL/TECNOLOGÕA/TE016 LAMPARA RÕTMICA RGB/LAMPARA RITMICA RGB 3.png'},
